<ImportExportXml xmlns:xsi="http://www.w3.org/2001/XMLSchema-instance">
  <Entities></Entities>
  <Roles></Roles>
  <Workflows></Workflows>
  <FieldSecurityProfiles></FieldSecurityProfiles>
  <Templates />
  <EntityMaps />
  <EntityRelationships />
  <OrganizationSettings />
  <optionsets />
  <CustomControls />
  <EntityDataProviders />
  <CanvasApps>
    <CanvasApp>
      <Name>ppa_mixedrealityapp_8c5e9</Name>
      <AppVersion>2022-09-12T10:11:43Z</AppVersion>
      <Status>Ready</Status>
      <CreatedByClientVersion>3.22085.14.0</CreatedByClientVersion>
      <MinClientVersion>3.22085.14.0</MinClientVersion>
      <Tags>{"primaryDeviceWidth":"640","primaryDeviceHeight":"1136","supportsPortrait":"true","supportsLandscape":"true","primaryFormFactor":"Phone","publisherVersion":"3.22085.14","minimumRequiredApiVersion":"2.2.0","hasComponent":"true","hasUnlockedComponent":"false","isUnifiedRootApp":"false"}</Tags>
      <IsCdsUpgraded>0</IsCdsUpgraded>
      <GalleryItemId xsi:nil="true"></GalleryItemId>
      <BackgroundColor>RGBA(0,176,240,1)</BackgroundColor>
      <DisplayName>Mixed Reality App</DisplayName>
      <Description xsi:nil="true"></Description>
      <CommitMessage xsi:nil="true"></CommitMessage>
      <Publisher xsi:nil="true"></Publisher>
      <AuthorizationReferences>[]</AuthorizationReferences>
      <ConnectionReferences>{}</ConnectionReferences>
      <DatabaseReferences>{}</DatabaseReferences>
      <AppComponents>[]</AppComponents>
      <AppComponentDependencies>[{"appComponentName":"2e88179d732a402184a767c94eab038b","appName":"8bb83c28-9b75-4059-9607-b0180d4379b4","appComponentLibraryName":"fb6320e1-3ae8-48bc-bd77-b8d6e67a876c","appComponentLibraryVersion":"2022-09-09T12:39:35Z","appComponentLibraryLogicalName":"cat_powercatcomponentlibrary_0be3a","environmentName":"756dbf0a-fc0c-e175-beec-edcdb2de3158"},{"appComponentName":"44e7951b1fad4ad98126f8c108dd1e9f","appName":"8bb83c28-9b75-4059-9607-b0180d4379b4","appComponentLibraryName":"fb6320e1-3ae8-48bc-bd77-b8d6e67a876c","appComponentLibraryVersion":"2022-09-09T12:39:35Z","appComponentLibraryLogicalName":"cat_powercatcomponentlibrary_0be3a","environmentName":"756dbf0a-fc0c-e175-beec-edcdb2de3158"},{"appComponentName":"45ef3b58cba141ccb72325a8844e9634","appName":"8bb83c28-9b75-4059-9607-b0180d4379b4","appComponentLibraryName":"fb6320e1-3ae8-48bc-bd77-b8d6e67a876c","appComponentLibraryVersion":"2022-09-09T12:39:35Z","appComponentLibraryLogicalName":"cat_powercatcomponentlibrary_0be3a","environmentName":"756dbf0a-fc0c-e175-beec-edcdb2de3158"},{"appComponentName":"599bd02396dc426681a20784c48547f9","appName":"8bb83c28-9b75-4059-9607-b0180d4379b4","appComponentLibraryName":"fb6320e1-3ae8-48bc-bd77-b8d6e67a876c","appComponentLibraryVersion":"2022-09-09T12:39:35Z","appComponentLibraryLogicalName":"cat_powercatcomponentlibrary_0be3a","environmentName":"756dbf0a-fc0c-e175-beec-edcdb2de3158"},{"appComponentName":"6da4b2f929d240969e49e05e10e720ce","appName":"8bb83c28-9b75-4059-9607-b0180d4379b4","appComponentLibraryName":"fb6320e1-3ae8-48bc-bd77-b8d6e67a876c","appComponentLibraryVersion":"2022-09-09T12:39:35Z","appComponentLibraryLogicalName":"cat_powercatcomponentlibrary_0be3a","environmentName":"756dbf0a-fc0c-e175-beec-edcdb2de3158"},{"appComponentName":"952d39d80fc84420b772a5058b19d909","appName":"8bb83c28-9b75-4059-9607-b0180d4379b4","appComponentLibraryName":"fb6320e1-3ae8-48bc-bd77-b8d6e67a876c","appComponentLibraryVersion":"2022-09-09T12:39:35Z","appComponentLibraryLogicalName":"cat_powercatcomponentlibrary_0be3a","environmentName":"756dbf0a-fc0c-e175-beec-edcdb2de3158"}]</AppComponentDependencies>
      <CanConsumeAppPass>1</CanConsumeAppPass>
      <CanvasAppType>0</CanvasAppType>
      <BypassConsent>0</BypassConsent>
      <AdminControlBypassConsent>0</AdminControlBypassConsent>
      <EmbeddedApp xsi:nil="true"></EmbeddedApp>
      <IntroducedVersion>1.0</IntroducedVersion>
      <CdsDependencies>{"cdsdependencies":[{"logicalname":"cat_powercatcomponentlibrary_0be3a","componenttype":300,"componenttypeplatformname":"CanvasApp"}]}</CdsDependencies>
      <IsCustomizable>1</IsCustomizable>
      <BackgroundImageUri>/CanvasApps/ppa_mixedrealityapp_8c5e9_BackgroundImageUri</BackgroundImageUri>
      <DocumentUri>/CanvasApps/ppa_mixedrealityapp_8c5e9_DocumentUri.msapp</DocumentUri>
    </CanvasApp>
  </CanvasApps>
  <Languages>
    <Language>1033</Language>
  </Languages>
</ImportExportXml>